Gebietsnummer;Gebietsname;Fläche (km²);Bevölkerung - insgesamt (in 1000);Bevölkerung Ausländer/-innen (%);Geburtensaldo (je 1000 EW);Wanderungssaldo (je 1000 EW);Alter unter 18 (%);Alter 18-24 (%);Alter 25-34 (%);Alter 35-59 (%);Alter 60-74 (%);Alter 75 und mehr (%);Bodenfläche - Siedlung und Verkehr (%);Bodenfläche - Vegetation und Gewässer (%);Wohnungen Insgesamt (je 1000 EW);Wohnfläche (je EW);PKW Insgesamt (je 1000 EW);Verfügbares Einkommen (EUR je EW);Bruttoinlandsprodukt (EUR je EW);Arbeitslosenquote - insgesamt;Arbeitslosenquote - 15 bis 24 Jahre;Arbeitslosenquote - 55 bis 64 Jahre
1;Flensburg – Schleswig;2.124,3;291,3;8,4;-2,7;9,5;16,6;8,4;12,0;33,6;17,6;11,9;12,4;87,6;523,1;49,3;592,1;21358;31178;7,0;5,9;7,6
2;Nordfriesland – Dithmarschen Nord;2.777,9;235,0;7,1;-5,2;8,3;15,6;7,7;11,0;34,0;18,9;12,8;11,0;89,0;588,9;55,7;620,2;24354;34160;6,5;5,4;7,2
3;Steinburg – Dithmarschen Süd;2.000,0;221,0;6,5;-5,3;4,6;16,3;7,2;10,5;35,7;18,2;12,2;11,5;88,5;505,4;49,2;617,8;22292;31977;6,4;7,0;6,4
4;Rendsburg-Eckernförde;2.165,4;252,1;5,5;-3,8;8,6;16,9;7,0;9,9;35,9;18,3;12,0;11,4;88,6;500,1;49,5;634,0;23410;29036;4,8;4,7;5,2
5;Kiel;143,0;268,8;11,4;-0,8;-1,8;14,9;10,6;17,2;32,1;14,6;10,5;50,8;49,2;546,7;39,4;465,3;19718;46128;8,4;5,1;8,4
6;Plön – Neumünster;1.302,4;223,0;8,7;-4,0;5,1;16,1;7,2;10,6;34,6;18,2;13,3;12,1;87,9;505,6;45,8;588,1;22081;29053;6,7;6,7;7,0
7;Pinneberg;664,3;316,1;11,1;-2,5;8,1;17,1;7,1;10,8;36,4;16,5;12,1;22,2;77,8;491,3;44,9;560,8;24708;29803;5,9;5,3;6,1
8;Segeberg – Stormarn-Mitte;1.333,4;320,6;8,0;-1,9;5,7;17,2;6,8;10,5;36,9;17,0;11,6;15,5;84,5;478,7;46,0;609,8;23952;31902;5,0;4,6;5,5
9;Ostholstein – Stormarn-Nord;1.533,7;220,6;5,7;-6,7;6,8;14,7;6,3;9,3;35,1;20,3;14,3;12,3;87,7;568,8;51,6;630,2;23411;27539;6,1;5,4;7,4
10;Herzogtum Lauenburg – Stormarn-Süd;1.349,9;319,6;8,6;-3,8;8,8;17,1;6,6;9,8;36,0;17,0;13,5;15,3;84,7;481,2;46,0;606,3;24571;27988;5,1;5,5;5,2
11;Lübeck;406,3;235,6;10,0;-4,2;1,3;15,4;8,1;13,3;33,9;16,7;12,6;24,3;75,7;539,0;40,6;471,1;20404;42134;8,5;7,5;8,7
901;Schleswig-Holstein;15.800,5;2903,8;8,4;-3,5;6,0;16,3;7,5;11,4;35,0;17,5;12,4;13,4;86,6;517,7;46,9;581,1;22833;32721;6,3;5,7;6,7
12;Schwerin – Ludwigslust-Parchim I – Nordwestmecklenburg I;3.640,9;269,2;6,7;-3,4;2,6;16,3;5,5;10,9;35,7;19,5;12,2;9,0;91,0;544,1;44,0;547,1;19927;29893;8,0;10,7;7,6
13;Ludwigslust-Parchim II – Nordwestmecklenburg II – Landkreis Rostock I;3.937,0;249,3;4,0;-5,7;7,5;15,3;4,9;9,5;35,6;21,6;13,1;8,9;91,1;550,0;45,5;585,9;20014;24594;6,8;8,3;7,3
14;Rostock – Landkreis Rostock II;994,5;276,5;5,5;-3,1;6,0;14,9;7,6;13,9;32,9;17,6;13,1;15,6;84,4;564,9;39,9;450,3;19274;33708;7,9;7,7;7,9
15;Vorpommern-Rügen – Vorpommern-Greifswald I;3.475,8;294,4;4,7;-6,2;6,7;14,7;6,2;11,3;34,2;20,3;13,3;9,3;90,7;591,6;44,6;542,7;19231;25124;11,0;11,8;12,2
16;Mecklenburgische Seenplatte I – Vorpommern-Greifswald II;4.968,3;267,4;3,8;-8,1;2,8;14,9;4,8;9,1;34,6;22,6;14,0;8,0;92,0;589,9;46,3;541,1;18774;26109;9,9;11,3;10,5
17;Mecklenburgische Seenplatte II – Landkreis Rostock III;6.277,7;251,3;3,0;-7,5;4,2;15,4;4,5;9,1;35,8;21,4;13,8;7,0;93,0;568,1;45,4;567,5;19679;26866;8,5;10,8;8,8
913;Mecklenburg-Vorpommern;23.295,2;1608,1;4,7;-5,6;5,0;15,2;5,6;10,7;34,8;20,5;13,2;8,6;91,4;568,6;44,2;537,9;19470;27747;8,7;10,0;9,1
18;Hamburg-Mitte;118,4;360,311;21,8;1,9;2,7;16,8;7,9;16,3;35,4;13,6;9,9;58,9;41,1;523,0;39,0;435,3;25029;64771;8,1;7,0;8,6
19;Hamburg-Altona;77,9;267,9;15,5;1,9;2,7;16,8;7,9;16,3;35,4;13,6;9,9;58,9;41,1;523,0;39,0;435,3;25029;64771;8,1;7,0;8,6
20;Hamburg-Eimsbüttel;49,8;260,3;13,2;1,9;2,7;16,8;7,9;16,3;35,4;13,6;9,9;58,9;41,1;523,0;39,0;435,3;25029;64771;8,1;7,0;8,6
21;Hamburg-Nord;115,0;289,2;10,9;1,9;2,7;16,8;7,9;16,3;35,4;13,6;9,9;58,9;41,1;523,0;39,0;435,3;25029;64771;8,1;7,0;8,6
22;Hamburg-Wandsbek;78,8;326,9;14,8;1,9;2,7;16,8;7,9;16,3;35,4;13,6;9,9;58,9;41,1;523,0;39,0;435,3;25029;64771;8,1;7,0;8,6
23;Hamburg-Bergedorf – Harburg;315,2;342,7;20,8;1,9;2,7;16,8;7,9;16,3;35,4;13,6;9,9;58,9;41,1;523,0;39,0;435,3;25029;64771;8,1;7,0;8,6
902;Hamburg;755,1;1847,3;16,5;1,9;2,7;16,8;7,9;16,3;35,4;13,6;9,9;58,9;41,1;523,0;39,0;435,3;25029;64771;8,1;7,0;8,6
24;Aurich – Emden;1.399,7;239,6;6,5;-3,4;2,0;16,5;8,0;11,3;34,2;19,0;11,0;16,3;83,7;524,3;52,0;589,7;20327;36445;8,0;7,2;8,2
25;Unterems;2.597,8;321,3;11,3;-1,2;6,5;17,7;8,1;12,3;35,1;17,0;9,8;14,8;85,2;458,9;51,9;608,7;20559;33099;5,0;4,5;5,5
26;Friesland – Wilhelmshaven – Wittmund;1.373,5;231,7;6,1;-5,8;6,4;15,4;7,7;11,2;32,8;19,4;13,5;16,3;83,7;563,3;52,7;613,3;20268;31666;8,0;5,8;9,3
27;Oldenburg – Ammerland;833,7;293,9;8,6;-1,0;6,7;16,2;8,8;13,9;33,9;16,5;10,8;23,1;76,9;527,9;50,5;573,6;21093;39934;6,2;5,4;6,6
28;Delmenhorst – Wesermarsch – Oldenburg-Land;1.952,1;297,0;10,3;-2,4;4,7;17,0;7,6;11,0;35,1;17,7;11,5;14,7;85,3;486,3;49,5;603,5;21890;26384;6,5;6,2;6,5
29;Cuxhaven – Stade II;2.575,3;234,9;6,0;-5,4;5,4;16,4;6,7;10,0;34,4;19,7;12,7;11,2;88,8;524,7;53,8;629,5;22260;24115;6,4;6,2;6,8
30;Stade I – Rotenburg II;1.972,8;256,3;8,8;-1,8;7,2;17,3;7,8;11,7;35,2;17,1;10,9;13,1;86,9;484,4;50,5;638,3;22911;30859;5,7;5,9;5,6
31;Mittelems;2.353,4;313,5;11,3;-0,6;5,2;18,0;7,9;12,0;34,9;17,0;10,2;15,0;85,0;451,1;52,0;614,4;21058;37266;3,2;2,9;3,7
32;Cloppenburg – Vechta;2.234,5;313,5;11,9;2,8;5,4;20,0;9,3;13,3;34,7;14,5;8,3;16,6;83,4;416,8;50,6;600,3;21634;39140;4,6;3,9;5,4
33;Diepholz – Nienburg I;2.490,9;247,9;8,1;-2,9;4,7;16,7;7,2;10,8;35,7;17,9;11,8;13,0;87,0;468,6;52,4;645,9;23149;30299;5,0;5,0;4,9
34;Osterholz – Verden;1.442,0;251,1;6,7;-2,9;6,2;17,2;7,0;10,2;35,4;18,3;11,8;15,4;84,6;471,6;51,6;632,6;23482;26156;3,9;4,1;4,4
35;Rotenburg I – Heidekreis;2.734,5;215,8;8,1;-2,8;8,8;17,0;7,8;11,4;34,7;17,5;11,7;11,1;88,9;485,8;51,2;646,2;21800;33195;5,7;5,5;6,0
36;Harburg;1.248,5;254,4;7,8;-1,6;8,4;17,3;7,0;10,0;36,7;17,1;12,0;17,2;82,8;482,6;51,0;652,3;25687;24359;4,8;4,8;5,6
37;Lüchow-Dannenberg – Lüneburg;2.555,1;232,6;6,6;-2,8;6,4;16,7;8,0;11,3;35,3;17,3;11,4;10,1;89,9;504,5;49,5;579,0;21227;27708;6,8;6,5;7,4
38;Osnabrück-Land;1.916,3;265,0;9,2;-0,8;3,6;18,2;7,9;11,4;35,1;16,7;10,7;14,2;85,8;446,7;49,0;642,6;23030;30622;3,7;3,2;4,2
39;Stadt Osnabrück;325,3;258,3;10,8;-0,5;2,5;15,7;10,3;14,8;32,8;15,5;10,9;34,2;65,8;509,8;46,2;561,3;22006;42899;6,2;4,8;6,5
40;Nienburg II – Schaumburg;1.576,6;248,4;8,7;-5,3;4,9;16,2;7,4;10,4;34,8;18,3;12,8;15,2;84,8;501,2;52,0;639,1;21717;27626;5,9;6,7;6,2
41;Stadt Hannover I;112,9;260,1;18,2;0,0;0,1;15,7;9,1;17,0;33,6;14,3;10,2;69,8;30,2;555,2;41,8;505,4;21859;45583;8,2;7,7;7,7
42;Stadt Hannover II;91,4;276,8;17,9;0,0;0,1;15,7;9,1;17,0;33,6;14,3;10,2;69,8;30,2;555,2;41,8;505,4;21859;45583;8,2;7,7;7,7
43;Hannover-Land I;1.135,7;306,4;10,7;-3,0;4,5;17,3;7,2;10,4;35,2;17,1;12,9;18,8;81,2;490,8;49,0;505,4;21859;45583;8,2;7,7;7,7
44;Celle – Uelzen;3.013,4;271,4;7,2;-4,7;4,5;16,5;7,1;10,8;34,1;18,6;12,9;10,5;89,5;512,4;52,5;611,8;21170;29275;6,4;7,2;6,2
45;Gifhorn – Peine;1.819,6;284,8;7,3;-1,5;6,1;17,9;7,2;10,9;36,0;17,1;10,9;13,8;86,2;472,0;51,9;616,2;23087;21403;5,1;5,5;4,7
46;Hameln-Pyrmont – Holzminden;1.802,4;236,2;9,3;-6,8;4,3;15,6;7,0;10,3;33,7;19,2;14,3;12,1;87,9;543,4;53,2;627,5;21942;32976;7,0;6,3;6,4
47;Hannover-Land II;957,1;313,8;10,4;-3,0;3,8;17,3;7,0;10,3;35,2;17,6;12,7;18,2;81,8;492,1;48,4;505,4;21859;45583;8,2;7,7;7,7
48;Hildesheim;1.208,3;275,8;8,4;-4,7;2,3;15,7;8,2;11,4;34,2;17,9;12,6;15,8;84,2;518,7;49,7;583,4;21685;28772;6,8;6,1;6,7
49;Salzgitter – Wolfenbüttel;1.238,4;266,2;11,0;-4,3;-0,4;16,5;7,6;10,8;34,2;18,3;12,7;15,5;84,5;529,0;49,8;583,6;21407;35983;7,5;7,5;6,5
50;Braunschweig;192,7;249,4;10,9;-1,3;6,0;14,7;8,8;16,4;33,1;15,3;11,7;47,3;52,7;558,6;44,6;572,6;22612;78057;5,7;4,0;6,2
51;Helmstedt – Wolfsburg;1.165,2;242,2;11,3;-2,8;4,9;16,5;6,7;12,6;34,9;17,1;12,2;16,0;84,0;525,1;49,7;876,7;24150;103205;5,9;6,6;5,4
52;Goslar – Northeim – Osterode;2.125,5;250,4;8,3;-7,7;3,0;14,2;7,3;10,4;33,6;20,1;14,4;11,3;88,7;566,0;52,6;617,5;21735;30368;6,6;6,9;6,3
53;Göttingen;1.265,2;284,7;9,1;-3,5;-1,6;15,3;9,7;13,8;32,4;17,2;11,6;15,6;84,4;540,0;47,7;562,3;21130;35738;6,3;5,3;5,9
903;Niedersachsen;47.709,8;7993,6;9,7;-2,6;4,4;16,7;7,9;12,0;34,5;17,3;11,6;14,6;85,4;503,8;49,9;602,1;21988;37290;6,1;5,7;6,2
54;Bremen I;154,3;356,9;16,9;-0,5;-1,8;16,1;8,7;14,7;33,5;15,8;11,3;59,2;40,8;524,7;41,4;429,4;21481;50675;11,2;10,2;9,5
55;Bremen II – Bremerhaven;265,0;324,3;20,3;-1,1;-0,4;16,5;8,6;14,0;33,1;16,4;11,3;54,8;45,2;539,3;42,0;435,7;21481;45356;12,1;10,7;10,4
904;Bremen;419,4;681,2;18,5;-0,8;-1,1;16,3;8,7;14,4;33,3;16,1;11,3;56,4;43,6;531,7;41,7;432,4;21481;48144;11,6;10,5;10,0
56;Prignitz – Ostprignitz-Ruppin – Havelland I;5.673,7;208,9;4,3;-7,3;5,4;14,7;4,9;9,5;35,5;21,4;14,0;6,7;93,3;562,7;46,7;590,3;19353;25671;7,3;9,7;7,4
57;Uckermark – Barnim I;4.251,6;220,6;4,5;-6,5;7,2;15,1;4,9;9,1;35,2;21,2;14,4;7,4;92,6;556,2;45,5;572,5;19531;26121;8,8;11,1;8,9
58;Oberhavel – Havelland II;2.206,2;305,1;4,0;-3,2;12,3;17,0;5,6;9,0;38,6;17,9;12,0;12,1;87,9;482,6;43,8;575,7;21079;24971;5,8;7,8;6,0
59;Märkisch-Oderland – Barnim II;2.463,6;279,4;3,7;-4,3;15,7;16,3;4,5;9,0;37,9;19,7;12,4;12,4;87,6;501,0;44,6;588,7;20712;21628;6,3;8,6;6,8
60;Brandenburg an der Havel – Potsdam-Mittelmark I – Havelland III – Teltow-Fläming I;3.266,7;248,7;4,7;-6,6;8,5;15,3;4,8;10,0;35,4;20,1;14,4;9,1;90,9;542,5;44,5;557,5;21151;27307;5,8;7,0;6,1
61;Potsdam – Potsdam-Mittelmark II – Teltow-Fläming II;556,2;302,7;7,6;-0,5;14,9;18,0;6,7;12,5;36,2;15,3;11,3;24,7;75,3;507,1;41,1;490,7;21720;36404;5,7;5,8;5,8
62;Dahme-Spreewald – Teltow-Fläming III – Oberspreewald-Lausitz I;4.025,9;311,4;5,2;-4,0;12,5;16,1;5,3;9,9;37,2;18,4;13,1;10,7;89,3;509,3;44,5;605,5;20780;34034;5,1;4,7;5,9
63;Frankfurt (Oder) – Oder-Spree;2.404,6;236,6;5,9;-6,1;6,4;15,1;5,3;9,3;34,9;20,8;14,6;10,7;89,3;548,4;44,0;570,9;20091;28788;7,3;9,1;7,7
64;Cottbus – Spree-Neiße;1.822,6;213,4;5,9;-6,7;1,0;14,4;5,2;10,1;34,4;21,1;14,8;19,3;80,7;574,3;44,5;559,8;19853;33790;7,7;6,3;8,3
65;Elbe-Elster – Oberspreewald-Lausitz II;2.983,3;195,2;3,0;-8,6;-1,0;14,2;4,2;8,7;35,3;21,9;15,7;13,1;86,9;578,4;46,7;610,8;19412;26138;7,7;5,7;9,6
912;Land Brandenburg;29.654,4;2521,9;5,0;-5,0;9,1;15,8;5,2;9,8;36,2;19,5;13,5;10,6;89,4;531,2;44,4;570,7;20475;28670;6,6;7,4;7,1
66;Altmark;4.717,9;194,4;3,6;-6,3;-0,4;15,2;5,0;9,6;35,6;21,2;13,4;7,5;92,5;576,5;50,0;589,5;19433;24945;8,7;9,5;8,8
67;Börde – Jerichower Land;3.944,1;260,5;3,4;-6,7;2,4;15,4;4,6;9,5;36,9;21,0;12,6;9,8;90,2;549,1;48,6;616,3;20634;27269;6,5;8,1;7,2
68;Harz;2.339,9;248,2;3,4;-9,5;4,1;14,0;5,1;9,3;34,6;21,9;15,1;10,8;89,2;605,6;48,0;574,1;19792;24142;7,1;8,2;7,2
69;Magdeburg;588,9;292,4;8,6;-4,9;-0,4;15,0;7,6;13,5;31,8;17,9;14,1;25,4;74,6;604,8;42,6;485,6;18940;32705;9,2;8,5;9,8
70;Dessau – Wittenberg;2.175,5;205,1;4,4;-9,6;-0,1;13,8;4,5;9,1;33,9;22,1;16,6;10,3;89,7;600,3;47,6;572,9;20089;26920;8,1;10,4;8,2
71;Anhalt;2.258,3;257,9;3,5;-9,3;1,1;13,9;4,9;9,2;35,3;21,8;14,9;13,4;86,6;601,5;47,3;574,8;19396;27222;8,4;9,4;8,7
72;Halle;414,1;272,1;8,8;-2,3;0,7;15,8;8,7;13,5;31,6;17,3;13,1;28,9;71,1;594,9;41,1;422,6;18170;31474;9,5;9,8;8,6
73;Burgenland – Saalekreis;1.712,0;225,7;5,0;-8,4;1,0;14,5;4,6;9,5;35,1;21,2;15,1;16,7;83,3;586,2;45,9;581,8;19845;27229;7,4;9,4;7,5
74;Mansfeld;2.306,0;238,5;3,7;-8,5;1,3;14,3;4,6;8,8;34,7;22,6;15,0;12,4;87,6;576,9;46,9;604,8;19744;26956;9,1;12,8;8,8
915;Sachsen-Anhalt;20.456,5;2194,8;5,1;-7,1;1,1;14,7;5,6;10,4;34,3;20,6;14,4;11,5;88,5;588,8;46,2;554,0;19528;27872;8,3;9,5;8,3
75;Berlin-Mitte;39,4;377,4;32,3;1,3;6,3;16,5;7,2;16,7;34,8;14,4;10,3;96,4;3,6;536,4;38,6;332,9;20972;40105;10,6;11,5;9,9
76;Berlin-Pankow;96,7;329,8;12,5;1,3;6,3;16,5;7,2;16,7;34,8;14,4;10,3;67,1;32,9;536,4;38,6;332,9;20972;40105;10,6;11,5;9,9
77;Berlin-Reinickendorf;89,3;260,2;17,6;1,3;6,3;16,5;7,2;16,7;34,8;14,4;10,3;66,9;33,1;536,4;38,6;332,9;20972;40105;10,6;11,5;9,9
78;Berlin-Spandau – Charlottenburg Nord;99,5;272,0;20,1;1,3;6,3;16,5;7,2;16,7;34,8;14,4;10,3;64,0;36,0;536,4;38,6;332,9;20972;40105;10,6;11,5;9,9
79;Berlin-Steglitz-Zehlendorf;102,6;293,9;14,0;1,3;6,3;16,5;7,2;16,7;34,8;14,4;10,3;64,7;35,3;536,4;38,6;332,9;20972;40105;10,6;11,5;9,9
80;Berlin-Charlottenburg-Wilmersdorf;57,1;286,1;24,0;1,3;6,3;16,5;7,2;16,7;34,8;14,4;10,3;70,3;29,7;536,4;38,6;332,9;20972;40105;10,6;11,5;9,9
81;Berlin-Tempelhof-Schöneberg;53,1;343,6;19,2;1,3;6,3;16,5;7,2;16,7;34,8;14,4;10,3;97,2;2,8;536,4;38,6;332,9;20972;40105;10,6;11,5;9,9
82;Berlin-Neukölln;44,9;321,1;24,2;1,3;6,3;16,5;7,2;16,7;34,8;14,4;10,3;97,2;2,8;536,4;38,6;332,9;20972;40105;10,6;11,5;9,9
83;Berlin-Friedrichshain-Kreuzberg – Prenzlauer Berg Ost;26,9;354,0;24,4;1,3;6,3;16,5;7,2;16,7;34,8;14,4;10,3;87,1;12,9;536,4;38,6;332,9;20972;40105;10,6;11,5;9,9
84;Berlin-Treptow-Köpenick;167,7;271,1;9,5;1,3;6,3;16,5;7,2;16,7;34,8;14,4;10,3;44,7;55,3;536,4;38,6;332,9;20972;40105;10,6;11,5;9,9
85;Berlin-Marzahn-Hellersdorf;61,8;270,2;10,7;1,3;6,3;16,5;7,2;16,7;34,8;14,4;10,3;94,2;5,8;536,4;38,6;332,9;20972;40105;10,6;11,5;9,9
86;Berlin-Lichtenberg;52,1;290,1;16,5;1,3;6,3;16,5;7,2;16,7;34,8;14,4;10,3;85,0;15,0;536,4;38,6;332,9;20972;40105;10,6;11,5;9,9
911;Berlin;891,1;3669,5;19,2;1,3;6,3;16,5;7,2;16,7;34,8;14,4;10,3;70,6;29,4;536,4;38,6;332,9;20972;40105;10,6;11,5;9,9
87;Aachen I;160,9;249,0;18,9;-0,7;6,8;13,8;15,1;18,8;28,5;14,0;9,8;39,9;60,1;553,7;40,8;528,2;20504;37631;8,2;5,4;9,0
88;Aachen II;546,1;308,1;12,2;-2,7;1,9;16,9;7,5;11,3;35,0;18,0;11,4;24,9;75,1;487,1;44,7;528,2;20504;37631;8,2;5,4;9,0
89;Heinsberg;627,9;255,6;11,9;-2,4;7,1;16,9;7,4;11,5;35,7;18,0;10,6;25,3;74,7;477,4;49,4;630,9;20631;25720;6,0;5,7;6,2
90;Düren;941,5;264,6;11,2;-2,8;5,3;16,8;7,8;12,0;34,6;18,1;10,7;21,8;78,2;478,1;47,3;613,3;21194;29629;7,3;7,2;6,3
91;Rhein-Erft-Kreis I;525,3;340,1;12,9;-1,0;2,0;17,6;7,4;11,4;35,8;17,2;10,6;33,7;66,3;472,9;45,2;596,4;22675;34641;7,4;6,4;7,9
92;Euskirchen – Rhein-Erft-Kreis II;1.428,1;324,1;9,7;-2,9;5,7;16,7;7,2;11,0;35,5;18,1;11,5;15,8;84,2;482,1;48,3;642,4;22190;30595;6,7;5,7;7,3
93;Köln I;128,3;297,6;22,8;1,4;0,4;16,1;8,5;17,1;35,5;13,6;9,2;61,1;38,9;517,7;38,6;451,2;22402;59588;9,8;7,1;10,8
94;Köln II;101,5;330,8;14,6;1,4;0,4;16,1;8,5;17,1;35,5;13,6;9,2;61,1;38,9;517,7;38,6;451,2;22402;59588;9,8;7,1;10,8
95;Köln III;122,9;309,7;19,9;1,4;0,4;16,1;8,5;17,1;35,5;13,6;9,2;61,1;38,9;517,7;38,6;451,2;22402;59588;9,8;7,1;10,8
96;Bonn;141,1;329,7;17,2;1,1;5,9;17,3;10,0;15,7;33,2;13,9;9,8;51,2;48,8;528,0;42,2;531,6;23471;80289;8,1;5,2;8,8
97;Rhein-Sieg-Kreis I;660,7;314,9;10,5;-1,4;3,5;17,7;7,5;11,3;35,8;17,1;10,7;23,6;76,4;470,1;47,0;611,1;24038;28026;5,9;5,2;6,3
98;Rhein-Sieg-Kreis II;492,5;285,9;10,2;-1,9;3,0;17,4;7,4;10,6;35,0;17,5;12,1;25,7;74,3;473,7;48,8;611,1;24038;28026;5,9;5,2;6,3
99;Oberbergischer Kreis;918,8;272,1;9,8;-3,1;1,6;17,5;7,7;11,2;34,8;17,3;11,4;20,1;79,9;481,5;47,4;653,1;23194;36181;6,1;5,7;6,9
100;Rheinisch-Bergischer Kreis;437,3;283,3;9,5;-3,2;2,6;16,8;6,8;10,0;35,8;17,6;13,0;25,5;74,5;496,8;49,0;637,9;26493;27168;6,5;5,7;7,2
101;Leverkusen – Köln IV;131,1;313,5;19,2;-0,1;0,8;16,7;7,8;14,5;35,4;14,8;10,8;59,6;40,4;509,7;40,0;506,5;22064;55339;9,2;7,1;9,3
102;Wuppertal I;130,8;313,0;21,7;-2,2;4,3;17,3;8,3;13,5;33,7;16,0;11,3;50,2;49,8;542,5;42,2;490,8;21480;36429;10,3;10,0;8,8
103;Solingen – Remscheid – Wuppertal II;201,7;312,7;16,4;-2,9;3,5;17,0;7,5;12,2;34,9;16,5;11,9;46,9;53,1;528,3;42,7;571,0;22701;33974;8,4;8,3;7,9
104;Mettmann I;183,8;268,9;11,7;-2,9;2,3;16,7;6,6;10,5;35,0;17,7;13,5;45,4;54,6;507,5;44,9;611,8;25684;40547;7,2;5,8;7,8
105;Mettmann II;223,4;216,7;13,6;-4,0;4,1;16,8;6,9;10,4;35,3;17,5;13,1;36,2;63,8;512,1;44,8;611,8;25684;40547;7,2;5,8;7,8
106;Düsseldorf I;129,6;331,8;20,5;0,2;3,1;16,1;7,1;16,4;35,5;14,4;10,5;61,2;38,8;558,5;41,2;505,4;26087;81563;8,4;6,6;9,8
107;Düsseldorf II;87,8;290,1;20,9;0,2;3,1;16,1;7,1;16,4;35,5;14,4;10,5;61,2;38,8;558,5;41,2;505,4;26087;81563;8,4;6,6;9,8
108;Neuss I;347,5;295,3;13,5;-1,9;2,4;17,5;7,2;11,5;35,8;16,9;11,1;35,3;64,7;480,9;43,4;608,4;25324;39371;6,2;4,8;6,2
109;Mönchengladbach;170,5;261,0;16,6;-2,7;1,2;16,7;7,8;13,3;34,2;17,2;10,8;50,4;49,6;528,9;43,8;533,1;20841;33785;10,9;11,3;9,8
110;Krefeld I – Neuss II;301,5;271,5;12,7;-3,2;5,1;16,8;6,7;10,8;35,6;17,7;12,4;43,5;56,5;505,2;46,6;573,3;23742;39889;8,5;6,3;8,2
111;Viersen;563,3;298,9;10,2;-3,4;3,1;16,2;7,0;10,8;36,2;18,1;11,7;26,3;73,7;482,9;46,4;632,7;23204;28457;6,3;4,7;7,2
112;Kleve;1.233,0;312,5;15,3;-2,6;7,7;16,6;7,9;12,2;35,3;17,7;10,3;17,6;82,4;471,6;47,7;620,5;20716;30752;5,8;4,6;6,2
113;Wesel I;884,0;261,5;7,9;-3,7;3,7;16,0;6,8;10,9;35,2;19,2;12,0;18,7;81,3;476,3;45,8;624,2;22230;28520;6,9;6,2;6,6
114;Krefeld II – Wesel II;176,4;243,5;14,3;-3,3;5,3;16,2;7,0;11,9;34,5;18,2;12,1;49,0;51,0;513,3;43,3;578,6;21935;34084;9,1;7,1;8,6
115;Duisburg I;119,1;245,6;19,4;-1,9;2,2;17,2;8,2;13,7;34,0;16,0;11,0;60,9;39,1;517,2;38,1;466,8;17126;36475;12,8;9,2;11,6
116;Duisburg II;113,7;253,1;23,3;-1,9;2,2;17,2;8,2;13,7;34,0;16,0;11,0;60,9;39,1;517,2;38,1;466,8;17126;36475;12,8;9,2;11,6
117;Oberhausen – Wesel III;124,8;278,1;14,1;-3,8;3,1;15,9;7,1;12,5;34,6;18,4;11,6;63,7;36,3;520,8;41,3;553,2;19569;27512;10,0;7,6;9,2
118;Mülheim – Essen I;115,8;253,2;14,5;-3,4;2,2;16,3;7,2;12,7;33,8;17,3;12,6;58,0;42,0;536,7;43,1;536,5;22330;37802;9,8;6,9;9,8
119;Essen II;67,7;246,6;21,8;-1,8;0,4;16,3;7,7;14,3;33,4;16,6;11,7;66,7;33,3;541,6;40,7;501,1;20626;43365;11,5;10,3;9,2
120;Essen III;118,1;253,6;12,4;-1,9;0,4;16,3;7,7;14,3;33,4;16,6;11,7;66,7;33,3;541,6;40,7;501,1;20626;43365;11,5;10,3;9,2
121;Recklinghausen I;165,3;214,1;11,2;-4,7;-0,2;16,0;7,0;11,2;34,9;19,3;11,7;46,9;53,1;545,6;45,0;577,9;20426;25763;9,2;7,3;9,0
122;Recklinghausen II;388,9;249,8;11,7;-4,5;4,3;16,0;7,2;11,0;35,0;18,8;12,0;29,5;70,5;509,9;43,8;577,9;20426;25763;9,2;7,3;9,0
123;Gelsenkirchen;104,9;259,6;20,6;-3,1;-0,9;17,9;8,0;12,9;33,7;16,9;10,6;72,2;27,8;536,4;38,9;473,8;16450;30249;15,8;13,4;13,1
124;Steinfurt I – Borken I;978,0;275,8;11,9;0,3;3,0;18,6;8,5;12,2;35,1;15,8;9,9;18,5;81,5;448,3;46,4;609,2;22414;34403;4,3;3,7;4,8
125;Bottrop – Recklinghausen III;307,8;267,9;11,4;-3,2;3,4;16,5;7,3;11,4;34,6;18,7;11,5;34,0;66,0;505,0;42,7;581,3;20349;24440;9,0;7,5;8,3
126;Borken II;996,4;260,8;7,5;-0,3;1,3;17,9;7,7;11,9;35,6;16,7;10,2;17,2;82,8;448,7;46,4;606,8;22433;37294;4,0;3,2;5,0
127;Coesfeld – Steinfurt II;1.261,9;247,3;6,7;-1,1;4,1;17,6;7,6;10,7;35,7;17,8;10,6;13,8;86,2;448,8;47,5;633,3;23719;28950;3,4;3,0;3,9
128;Steinfurt III;1.092,5;256,3;9,0;-0,8;1,6;17,9;7,9;11,4;35,6;16,7;10,4;18,0;82,0;446,4;46,8;610,8;22402;32470;4,5;4,1;4,8
129;Münster;303,3;315,3;10,8;1,3;1,2;15,0;12,4;17,9;31,8;13,6;9,4;33,1;66,9;531,1;43,4;467,3;22954;55003;5,3;3,3;6,0
130;Warendorf;1.319,4;277,8;10,6;-1,8;2,2;17,7;7,7;11,0;35,2;17,3;11,1;14,8;85,2;462,8;46,9;621,1;23839;31221;5,1;4,3;5,6
131;Gütersloh I;866,3;326,9;14,0;0,1;2,7;18,0;8,0;12,1;35,7;15,8;10,5;21,7;78,3;457,3;45,4;628,0;25242;48500;4,6;3,9;4,8
132;Bielefeld – Gütersloh II;294,3;345,3;14,9;-0,2;2,0;17,2;9,2;14,3;33,1;15,1;11,1;40,5;59,5;515,4;42,3;519,4;23108;41258;8,9;7,0;9,1
133;Herford – Minden-Lübbecke II;515,2;299,2;9,8;-3,1;1,9;17,0;7,4;11,2;34,9;17,2;12,2;32,3;67,7;493,3;47,7;648,6;22784;35138;6,1;6,0;6,4
134;Minden-Lübbecke I;1.087,6;261,8;7,7;-2,4;1,5;17,7;7,7;11,3;34,0;17,5;11,8;19,6;80,4;471,7;48,7;651,7;23052;41627;5,9;6,3;5,3
135;Lippe I;889,2;293,2;8,7;-3,0;0,3;17,8;7,6;11,2;33,3;17,6;12,4;19,3;80,7;505,5;47,4;622,9;22592;30573;6,4;5,9;6,1
136;Höxter – Gütersloh III – Lippe II;1.625,9;221,4;6,8;-3,4;1,6;17,3;7,6;10,9;34,4;17,9;11,8;12,2;87,8;481,2;49,7;632,4;22548;31378;4,9;4,5;5,5
137;Paderborn;1.246,8;307,8;9,4;0,7;2,9;17,6;9,4;14,1;33,8;15,8;9,3;16,0;84,0;472,2;46,1;592,9;21601;35962;5,9;4,5;6,9
138;Hagen – Ennepe-Ruhr-Kreis I;324,1;287,0;16,9;-4,0;3,0;17,0;7,5;11,9;33,9;17,4;12,2;29,3;70,7;542,5;43,7;554,0;21541;33334;10,5;8,9;9,5
139;Ennepe-Ruhr-Kreis II;245,9;225,8;9,9;-4,5;3,3;15,2;7,0;11,4;34,9;18,7;12,8;33,5;66,5;533,8;45,2;613,4;24441;30469;7,1;6,2;6,8
140;Bochum I;103,3;277,7;13,9;-3,4;5,4;14,7;8,8;14,7;32,8;17,2;11,7;69,8;30,2;544,9;41,3;556,2;20048;33171;9,8;6,9;10,4
141;Herne – Bochum II;93,8;244,4;15,6;-4,1;5,1;15,7;8,3;13,3;33,8;17,2;11,6;72,4;27,6;538,9;40,5;517,9;18665;26777;11,3;9,6;10,1
142;Dortmund I;126,3;283,4;14,7;-1,7;2,5;16,4;8,5;14,4;33,8;16,0;10,9;59,8;40,2;541,0;41,1;495,0;19318;38469;12,1;10,1;10,7
143;Dortmund II;154,4;304,8;21,3;-1,7;2,5;16,4;8,5;14,4;33,8;16,0;10,9;59,8;40,2;541,0;41,1;495,0;19318;38469;12,1;10,1;10,7
144;Unna I;347,3;252,9;10,3;-4,3;3,8;16,2;7,2;10,8;35,1;18,6;12,1;33,1;66,9;502,3;44,8;606,8;21494;30568;8,0;6,2;7,7
145;Hamm – Unna II;422,4;321,9;13,9;-3,1;5,4;17,1;8,0;11,9;34,3;17,4;11,2;31,5;68,5;493,9;42,0;570,3;19796;30045;8,8;6,8;7,7
146;Soest;1.328,6;301,8;9,7;-2,3;1,9;17,0;7,5;11,4;35,2;17,5;11,3;16,1;83,9;480,7;48,0;630,2;22746;35976;6,0;4,8;7,1
147;Hochsauerlandkreis;1.960,2;259,8;9,1;-3,8;1,1;16,4;7,4;11,5;35,0;17,9;11,8;13,0;87,0;507,7;50,5;641,8;24345;36719;4,8;4,0;5,1
148;Siegen-Wittgenstein;1.132,9;276,9;10,9;-2,2;-2,5;16,4;8,5;12,8;33,5;17,5;11,3;16,9;83,1;499,0;47,8;635,6;23302;40775;6,0;5,7;6,4
149;Olpe – Märkischer Kreis I;1.161,5;276,1;12,0;-2,4;-2,3;17,1;7,5;11,7;35,3;17,2;11,2;15,1;84,9;497,6;47,1;641,4;26336;39197;6,0;5,1;6,5
150;Märkischer Kreis II;611,7;268,1;13,1;-4,3;-1,2;16,6;7,4;11,3;35,1;17,7;12,0;19,2;80,8;517,9;45,5;617,0;24762;37313;7,5;6,5;7,7
905;Nordrhein-Westfalen;34.112,4;17947,2;13,6;-2,0;2,6;16,8;7,9;12,7;34,6;16,8;11,2;23,7;76,3;504,8;44,3;570,1;22294;38769;7,9;6,4;7,8
151;Nordsachsen;2.028,6;197,7;4,1;-5,8;6,5;15,8;4,6;9,2;36,1;20,4;14,0;11,3;88,7;561,3;45,0;584,0;20340;27465;7,4;10,3;9,1
152;Leipzig I;169,8;293,1;10,2;0,4;8,8;16,0;8,8;17,9;31,7;13,7;11,8;54,9;45,1;575,6;39,5;387,9;18825;36761;8,3;7,7;9,0
153;Leipzig II;128,0;300,0;9,1;0,4;8,8;16,0;8,8;17,9;31,7;13,7;11,8;54,9;45,1;575,6;39,5;387,9;18825;36761;8,3;7,7;9,0
154;Leipzig-Land;1.651,3;258,1;2,5;-6,2;7,6;16,1;4,4;8,6;36,1;20,5;14,3;16,7;83,3;560,6;45,5;592,2;21768;26107;6,1;7,7;6,9
155;Meißen;1.454,6;241,7;3,2;-6,1;4,6;16,2;4,4;8,6;35,1;20,0;15,7;12,3;87,7;568,0;44,2;570,0;21310;27919;6,3;5,5;8,1
156;Bautzen I;2.224,9;252,5;2,3;-6,9;1,6;15,8;4,3;8,4;34,7;21,2;15,6;12,6;87,4;552,9;43,8;603,4;20632;26384;5,7;5,8;7,7
157;Görlitz;2.111,4;252,7;4,6;-9,0;1,0;15,0;4,8;8,4;33,3;21,8;16,7;15,6;84,4;616,1;47,3;567,7;19486;26380;8,9;8,6;11,9
158;Sächsische Schweiz-Osterzgebirge;1.654,2;245,6;2,9;-5,8;5,7;16,8;4,6;8,9;34,6;19,7;15,4;9,9;90,1;560,2;42,5;581,3;20914;23650;5,6;6,7;6,9
159;Dresden I;81,5;302,1;9,8;0,5;3,8;16,9;8,5;15,9;31,6;14,2;12,9;43,4;56,6;555,3;38,2;410,3;20112;40524;6,7;6,7;8,0
160;Dresden II – Bautzen II;417,7;302,0;5,2;-0,2;4,7;17,1;7,9;14,8;32,3;14,9;13,1;32,9;67,1;549,5;38,8;440,5;20194;38283;6,6;6,6;7,9
161;Mittelsachsen;1.675,6;240,3;4,0;-7,0;0,1;15,3;5,1;9,8;33,7;20,8;15,3;11,1;88,9;597,6;43,7;590,8;20571;27181;5,5;6,0;7,0
162;Chemnitz;221,1;246,3;8,5;-5,2;1,9;15,2;6,5;13,0;30,9;18,8;15,6;45,1;54,9;629,9;42,2;511,6;20366;35961;7,9;9,6;9,2
163;Chemnitzer Umland – Erzgebirgskreis II;902,9;214,2;1,9;-7,9;2,5;15,4;4,5;8,3;34,0;22,2;15,7;16,1;83,9;586,3;44,0;595,4;20705;27194;5,3;5,7;6,8
164;Erzgebirgskreis I;1.560,9;256,6;2,3;-8,7;-0,4;15,3;4,7;8,2;33,2;23,4;15,1;11,5;88,5;595,0;42,7;604,3;20492;23770;5,3;5,9;6,6
165;Zwickau;755,1;243,0;3,9;-8,5;0,1;14,6;5,1;9,5;33,5;21,2;16,1;18,3;81,7;621,8;44,5;589,9;21056;30930;5,3;5,3;6,7
166;Vogtlandkreis;1.412,4;226,0;3,8;-9,7;2,0;14,4;4,7;8,7;33,6;22,1;16,5;11,7;88,3;637,2;46,6;607,4;20424;25660;6,1;7,6;6,7
914;Sachsen;18.449,9;4072,0;5,1;-5,0;3,8;15,8;5,9;11,3;33,4;19,0;14,6;14,7;85,3;582,8;42,8;531,2;20335;30487;6,6;7,1;8,0
167;Waldeck;2.167,3;234,2;8,2;-5,2;3,2;15,9;7,0;10,6;34,7;19,1;12,8;11,3;88,7;502,8;51,2;646,5;22818;33576;4,4;4,5;4,7
168;Kassel;357,6;304,8;15,2;-1,3;4,0;15,9;8,9;14,5;32,9;16,5;11,4;35,2;64,8;514,5;43,4;508,7;20899;44710;7,3;6,2;7,0
169;Werra-Meißner – Hersfeld-Rotenburg;2.122,6;221,3;9,0;-5,1;3,0;15,6;7,1;10,9;33,9;19,5;13,1;12,1;87,9;504,8;51,0;637,9;21564;31395;5,0;5,5;5,5
170;Schwalm-Eder;2.263,0;235,9;7,4;-5,0;2,1;15,9;7,0;10,9;35,3;19,0;12,0;11,9;88,1;490,2;52,6;660,6;22413;32592;4,4;4,5;4,3
171;Marburg;1.262,4;247,1;12,0;-1,9;3,9;16,0;10,7;14,0;32,9;16,2;10,2;14,4;85,6;480,9;47,5;575,7;21581;38530;4,6;4,7;4,3
172;Lahn-Dill;1.153,2;275,9;10,7;-3,4;1,9;16,5;7,4;11,6;34,9;18,0;11,7;17,1;82,9;478,3;50,0;637,6;23504;34649;5,7;5,0;5,9
173;Gießen;1.343,3;293,6;12,2;-0,9;7,5;15,7;10,6;14,8;32,4;16,5;10,0;15,3;84,7;490,1;47,2;587,6;21486;34680;5,8;4,6;5,2
174;Fulda;2.130,2;273,1;9,1;-2,3;3,3;16,6;8,0;12,0;34,4;17,4;11,7;13,0;87,0;484,5;49,9;643,3;22678;35878;3,8;3,5;3,8
175;Main-Kinzig – Wetterau II – Schotten;1.539,5;233,9;10,7;-3,1;5,6;15,9;7,2;11,0;35,5;18,8;11,4;12,6;87,4;471,8;49,9;618,3;24511;34219;5,2;5,7;4,8
176;Hochtaunus;812,5;252,3;14,6;-2,6;3,3;17,5;6,8;10,1;36,5;17,2;11,9;17,8;82,2;478,2;49,4;696,7;32099;44772;5,1;5,9;5,3
177;Wetterau I;745,8;243,0;13,6;-1,7;7,6;16,9;7,3;11,5;36,4;16,8;11,1;17,3;82,7;472,1;47,9;619,6;24647;29667;4,8;4,6;4,8
178;Rheingau-Taunus – Limburg;1.171,2;298,0;12,8;-3,3;3,7;16,5;7,3;10,8;35,8;18,0;11,7;15,5;84,5;484,7;49,7;648,9;24946;27636;5,1;4,8;4,9
179;Wiesbaden;203,9;278,5;19,8;0,2;-1,6;17,8;8,1;13,2;34,9;15,1;10,9;40,2;59,8;511,4;41,2;588,9;25338;63527;8,1;7,9;8,2
180;Hanau;346,2;262,0;19,2;-0,7;6,6;17,5;7,5;12,1;35,6;16,6;10,7;28,0;72,0;466,9;43,4;613,9;24607;36533;5,5;6,2;4,9
181;Main-Taunus;270,6;284,2;17,1;-0,5;3,4;18,3;6,7;10,4;36,8;15,6;12,1;32,2;67,8;475,2;46,9;791,6;29595;54338;4,8;5,2;5,2
182;Frankfurt am Main I;85,1;380,1;33,0;3,9;8,8;16,9;7,6;18,1;36,8;12,7;7,9;58,5;41,5;521,0;37,0;445,8;23436;94190;7,3;7,1;8,1
183;Frankfurt am Main II;163,2;383,2;26,1;3,9;8,8;16,9;7,6;18,1;36,8;12,7;7,9;58,5;41,5;521,0;37,0;445,8;23436;94190;7,3;7,1;8,1
184;Groß-Gerau;453,0;275,7;22,7;0,9;3,6;17,9;7,8;12,9;35,9;15,4;10,0;24,1;75,9;454,1;41,5;577,2;22014;45716;6,1;5,7;5,8
185;Offenbach;241,4;367,1;27,3;1,8;5,7;18,2;7,6;13,6;35,2;15,1;10,2;35,5;64,5;473,2;39,3;544,4;22717;39661;7,7;8,2;8,0
186;Darmstadt;449,3;349,9;17,5;0,5;2,1;16,8;9,2;14,7;33,9;15,5;9,9;25,9;74,1;476,1;42,9;553,0;24169;51208;5,7;5,0;6,2
187;Odenwald;1.115,1;323,5;14,2;-2,6;4,7;16,3;7,3;11,2;35,8;18,1;11,2;15,0;85,0;464,2;47,4;625,9;24193;32679;5,4;5,3;5,7
188;Bergstraße;719,5;270,3;13,8;-1,9;4,8;16,3;7,0;11,2;35,7;18,3;11,5;16,8;83,2;472,1;48,1;647,7;24752;28488;4,3;3,4;4,7
906;Hessen;21.115,6;6288,1;16,6;-1,1;4,5;16,8;7,8;12,9;35,2;16,5;10,8;16,2;83,8;486,7;45,5;597,1;23943;45700;5,7;5,5;5,7
189;Eichsfeld – Nordhausen – Kyffhäuserkreis;2.694,9;257,6;3,7;-6,0;0,1;15,8;5,4;9,8;34,6;21,0;13,5;10,8;89,2;529,9;45,7;588,7;19239;25185;7,2;7,9;8,0
190;Eisenach – Wartburgkreis – Unstrut-Hainich-Kreis;2.350,8;263,5;4,3;-5,8;0,1;15,7;5,1;9,7;35,3;20,7;13,5;11,1;88,9;538,5;45,4;577,2;19964;28268;6,9;7,8;8,0
191;Jena – Sömmerda – Weimarer Land I;1.637,8;256,4;6,4;-3,1;2,9;16,0;7,1;12,9;33,4;18,5;12,0;12,4;87,6;543,7;43,1;507,3;19332;33607;6,1;6,6;6,8
192;Gotha – Ilm-Kreis;1.741,2;241,2;6,4;-5,6;2,0;15,2;5,7;10,5;34,9;20,3;13,5;12,8;87,2;553,3;44,0;559,5;19466;28603;6,1;7,6;6,5
193;Erfurt – Weimar – Weimarer Land II;442,7;285,7;8,5;-1,7;4,1;16,1;7,9;13,9;33,1;17,1;12,0;29,4;70,6;547,1;39,0;462,3;19288;37293;6,9;6,0;7,0
194;Gera – Greiz – Altenburger Land;1.567,5;279,9;4,3;-8,5;-0,2;14,2;4,6;8,7;33,7;22,6;16,3;15,4;84,6;630,6;46,3;562,7;19952;24981;7,2;8,2;7,8
195;Saalfeld-Rudolstadt – Saale-Holzland-Kreis – Saale-Orla-Kreis;2.975,3;266,5;3,3;-7,5;1,7;14,7;4,8;8,8;35,1;21,9;14,6;10,1;89,9;560,7;45,3;601,5;19948;25762;5,8;6,4;7,3
196;Suhl – Schmalkalden-Meiningen – Hildburghausen – Sonneberg;2.792,1;282,6;4,7;-8,6;2,1;14,1;5,1;9,5;35,1;21,9;14,3;10,5;89,5;550,3;45,8;604,3;21062;28039;5,4;6,8;6,0
916;Thüringen;16.202,4;2133,4;5,2;-5,9;1,6;15,2;5,7;10,5;34,4;20,5;13,7;12,0;88,0;557,3;44,3;557,5;19793;28987;6,4;7,1;7,2
197;Neuwied;1.269,4;311,6;9,1;-3,1;6,3;16,8;7,3;11,3;34,6;18,3;11,6;17,1;82,9;492,3;51,1;653,5;22885;30631;5,7;4,9;6,3
198;Ahrweiler;1.337,3;250,2;8,5;-3,7;6,1;16,0;7,1;11,2;34,7;18,8;12,2;15,1;84,9;516,7;52,8;651,1;23360;28910;4,3;4,1;4,6
199;Koblenz;635,8;259,8;11,9;-2,7;2,6;15,4;8,3;13,6;33,2;17,5;12,1;19,1;80,9;533,9;49,1;609,3;22354;46712;5,3;4,7;5,3
200;Mosel/Rhein-Hunsrück;2.287,7;218,9;8,5;-4,4;5,2;15,5;6,8;10,8;35,0;19,6;12,2;11,6;88,4;531,7;57,6;672,5;23413;33131;4,6;4,4;5,2
201;Kreuznach;1.640,7;239,3;10,3;-3,3;5,9;16,1;7,0;11,1;34,2;19,4;12,1;12,8;87,2;521,0;53,3;635,7;22375;29815;6,7;6,8;6,6
202;Bitburg;3.102,3;217,8;11,3;-2,9;6,4;16,5;7,1;11,7;35,0;18,5;11,2;11,0;89,0;532,0;58,6;668,3;22568;30506;3,7;3,3;4,3
203;Trier;1.219,3;260,9;12,6;-1,5;6,8;15,9;8,9;14,1;34,7;16,3;10,1;14,5;85,5;528,2;51,1;582,5;22735;30496;4,7;4,2;4,7
204;Montabaur;1.508,2;272,8;8,6;-3,1;4,6;16,7;7,0;11,4;35,9;18,2;10,8;15,7;84,3;493,0;54,3;670,4;25189;32019;3,7;3,3;4,0
205;Mainz;467,3;353,6;15,5;0,4;5,7;15,6;9,6;15,9;33,9;15,0;10,1;25,3;74,7;532,0;45,2;539,2;24026;48826;5,6;4,6;5,6
206;Worms;932,6;289,7;11,9;-1,2;3,9;17,5;7,4;11,4;35,9;18,1;9,8;18,0;82,0;484,1;49,8;629,3;23554;31857;6,1;6,3;5,9
207;Ludwigshafen/Frankenthal;314,7;324,2;20,3;-1,1;6,0;17,5;7,5;12,8;34,6;16,2;11,4;34,2;65,8;496,9;44,7;551,2;22368;54556;8,1;6,8;8,4
208;Neustadt – Speyer;866,1;287,9;10,6;-4,0;6,3;16,1;6,7;11,0;35,2;18,9;12,2;16,7;83,3;508,0;51,8;649,7;26394;29069;5,4;4,9;6,3
209;Kaiserslautern;1.696,2;298,2;10,6;-3,0;2,8;15,9;8,1;12,7;33,7;18,6;11,0;13,6;86,4;545,4;56,1;606,0;20843;31327;7,0;5,9;7,8
210;Pirmasens;1.388,1;222,7;8,4;-4,6;2,3;15,5;7,0;11,3;33,8;19,7;12,8;13,6;86,4;561,1;59,4;654,7;21942;26248;6,5;5,9;7,4
211;Südpfalz;1.186,2;286,4;10,3;-2,0;3,3;16,2;7,9;11,8;35,4;18,0;10,7;14,7;85,3;496,3;51,7;653,2;23448;34495;5,0;4,5;6,0
907;Rheinland-Pfalz;19.858,0;4093,9;11,5;-2,6;5,0;16,2;7,6;12,3;34,6;17,9;11,3;14,6;85,4;516,9;52,0;624,5;23197;35216;5,6;4,9;6,0
212;Altötting;1.374,6;227,4;12,2;-1,5;5,7;17,1;7,6;12,1;35,2;17,1;10,8;12,4;87,6;457,4;48,1;639,4;23613;41722;4,1;3,6;4,8
213;Erding – Ebersberg;1.420,1;281,8;13,1;0,9;6,7;18,3;7,9;11,9;38,0;14,6;9,4;12,8;87,2;437,0;45,3;617,4;26354;32007;2,9;2,6;4,1
214;Freising;1.802,2;337,8;14,9;1,3;5,3;17,5;8,3;13,7;37,1;14,7;8,7;13,9;86,1;457,2;47,1;628,7;25049;43404;3,2;3,1;4,1
215;Fürstenfeldbruck;992,4;333,8;15,2;1,1;1,9;17,7;7,5;12,0;36,7;15,5;10,7;15,6;84,4;455,6;44,2;577,6;26114;27786;3,5;3,2;4,4
216;Ingolstadt;1.845,6;338,0;13,7;2,0;2,0;17,8;7,9;14,2;35,4;15,2;9,5;12,9;87,1;473,6;47,4;681,4;24514;73589;3,2;3,3;4,0
217;München-Nord;87,8;372,8;28,7;4,2;5,8;15,9;8,1;18,6;35,1;13,0;9,4;75,0;25,0;543,3;38,3;498,7;32766;79690;5,3;3,9;6,9
218;München-Ost;79,7;391,4;25,9;4,2;5,8;15,9;8,1;18,6;35,1;13,0;9,4;75,0;25,0;543,3;38,3;498,7;32766;79690;5,3;3,9;6,9
219;München-Süd;52,5;340,2;25,8;4,2;5,8;15,9;8,1;18,6;35,1;13,0;9,4;75,0;25,0;543,3;38,3;498,7;32766;79690;5,3;3,9;6,9
220;München-West/Mitte;90,7;379,9;24,7;4,2;5,8;15,9;8,1;18,6;35,1;13,0;9,4;75,0;25,0;543,3;38,3;498,7;32766;79690;5,3;3,9;6,9
221;München-Land;664,3;350,5;18,0;0,2;4,5;18,1;7,9;11,7;36,2;14,4;11,6;21,1;78,9;466,2;44,7;697,7;31122;110283;3,5;2,8;4,4
222;Rosenheim;1.476,7;324,9;12,5;-0,7;3,6;17,0;7,7;12,3;35,2;16,7;11,0;12,4;87,6;479,2;46,2;632,6;25321;36635;3,7;3,1;5,0
223;Bad Tölz-Wolfratshausen – Miesbach;1.976,9;227,9;12,9;-1,3;6,0;16,9;7,3;11,4;35,9;16,5;12,0;7,2;92,8;494,9;47,0;640,9;27813;32875;3,6;2,6;5,2
224;Starnberg – Landsberg am Lech;1.313,7;297,4;13,0;-0,8;3,7;17,6;7,5;10,6;36,0;16,2;12,0;13,4;86,6;474,7;48,5;644,5;30346;39032;3,7;3,4;5,0
225;Traunstein;2.373,6;283,2;12,6;-1,8;4,1;16,0;7,5;12,2;34,4;17,6;12,4;8,3;91,7;499,9;47,6;640,6;23729;38335;4,6;3,5;5,9
226;Weilheim;1.978,5;223,9;11,1;-2,0;3,0;16,5;7,4;11,4;34,8;17,3;12,6;7,5;92,5;501,8;46,5;624,4;25229;37034;4,0;3,0;5,3
227;Deggendorf;1.941,0;211,6;7,6;-2,4;3,6;15,6;8,0;12,0;35,6;18,6;10,2;11,2;88,8;490,1;52,3;660,8;22603;36219;4,6;3,4;6,6
228;Landshut;2.305,9;343,5;13,4;0,1;8,5;17,3;8,0;12,8;36,2;16,1;9,6;12,1;87,9;452,4;47,8;632,7;24351;39072;4,2;4,2;4,9
229;Passau;1.503,6;231,7;10,5;-3,1;7,0;15,1;8,4;12,7;34,2;18,4;11,2;14,1;85,9;499,8;51,2;634,9;21866;39458;4,9;4,0;6,4
230;Rottal-Inn;2.331,3;231,1;11,2;-1,4;7,9;16,5;7,9;12,5;35,6;17,4;10,3;11,1;88,9;446,1;51,6;694,7;24283;45047;4,3;3,8;5,6
231;Straubing;2.244,0;226,3;9,3;-2,2;3,2;16,0;7,6;12,3;35,6;18,2;10,3;10,3;89,7;482,4;50,8;644,7;22553;35108;5,3;5,0;6,7
232;Amberg;2.649,9;279,8;8,5;-1,2;5,7;16,3;7,8;12,1;35,7;17,5;10,5;11,0;89,0;477,7;50,9;657,2;23575;38453;3,5;3,1;4,4
233;Regensburg;1.389,8;340,2;12,5;0,8;1,7;16,1;8,6;15,4;35,0;15,5;9,4;14,2;85,8;523,8;47,4;628,9;23694;53270;4,0;3,7;4,5
234;Schwandorf;3.067,9;282,8;7,6;-2,2;5,6;16,0;7,7;12,1;35,8;18,0;10,4;10,7;89,3;475,5;50,6;682,6;22562;36908;4,3;3,9;5,8
235;Weiden;2.582,5;209,2;6,5;-3,1;2,7;15,6;7,6;11,8;35,2;18,4;11,4;10,2;89,8;518,1;51,4;667,6;22271;38488;4,4;4,0;5,6
236;Bamberg;1.003,1;241,1;9,4;-0,2;0,3;16,3;8,1;14,1;35,2;16,4;9,8;14,1;85,9;491,9;47,0;629,7;23361;39940;3,9;3,6;5,0
237;Bayreuth;1.648,0;206,6;7,3;-3,4;4,4;14,8;9,3;12,5;34,1;17,7;11,4;11,1;88,9;521,6;49,2;627,9;22384;38185;4,3;2,9;6,1
238;Coburg;1.305,8;197,3;6,5;-4,7;0,8;14,7;7,1;11,4;35,2;19,1;12,5;12,7;87,3;516,5;50,7;661,4;24869;43985;4,6;4,6;5,9
239;Hof;1.541,3;210,6;9,6;-6,1;0,9;14,8;7,1;10,6;34,1;19,7;13,7;12,8;87,2;564,4;50,9;640,1;21897;36860;5,3;4,9;6,5
240;Kulmbach;1.733,0;209,8;5,1;-3,8;2,0;15,5;7,0;11,1;36,1;18,9;11,4;11,5;88,5;489,8;50,6;680,8;23067;32554;3,9;3,4;5,7
241;Ansbach;3.042,0;321,1;9,8;-1,6;4,7;17,0;7,8;12,0;35,1;17,4;10,7;11,3;88,7;472,4;48,8;660,6;23188;35045;3,7;3,0;5,0
242;Erlangen;720,5;257,1;13,2;-0,5;7,2;16,9;8,5;14,2;34,7;15,7;10,0;16,6;83,4;518,0;47,9;590,5;25526;64405;3,6;2,7;4,6
243;Fürth;1.559,2;340,1;12,4;-1,0;6,3;16,5;7,3;12,3;36,2;17,0;10,6;13,1;86,9;487,6;46,4;594,4;24207;30537;4,4;4,4;5,0
244;Nürnberg-Nord;85,8;290,3;24,0;-0,9;0,6;16,0;8,1;15,8;34,2;15,1;10,8;61,6;38,4;538,9;40,7;476,2;22748;60711;6,7;5,6;7,5
245;Nürnberg-Süd;141,5;269,0;21,0;-1,1;1,5;16,1;8,0;15,2;34,4;15,3;11,0;53,9;46,1;532,2;41,5;501,1;23272;56969;6,4;5,4;7,2
246;Roth;1.694,7;297,5;8,4;-1,9;2,7;16,6;7,2;11,0;36,2;17,7;11,4;13,1;86,9;478,3;49,7;661,4;25307;31080;3,1;2,8;4,2
247;Aschaffenburg;761,4;245,2;11,8;-1,1;3,1;16,2;7,1;12,1;35,8;17,7;11,0;16,5;83,5;495,6;48,4;656,0;24564;45382;4,6;4,4;5,1
248;Bad Kissingen;3.114,8;267,3;5,3;-3,2;2,5;16,0;7,1;11,0;35,0;19,2;11,6;10,4;89,6;491,5;51,6;683,3;22733;34936;3,6;3,1;5,0
249;Main-Spessart;2.036,8;254,9;9,4;-2,3;1,5;15,9;7,2;11,1;35,7;18,6;11,5;10,5;89,5;489,4;50,7;665,6;23464;35706;3,4;3,3;4,1
250;Schweinfurt;1.561,2;260,0;10,1;-1,7;1,8;16,3;7,5;12,3;34,6;17,9;11,4;14,4;85,6;485,1;48,0;647,3;22848;44202;3,7;2,8;4,4
251;Würzburg;1.055,9;290,2;9,0;-0,4;2,5;14,9;9,6;15,1;32,8;16,7;10,9;15,9;84,1;543,3;48,4;586,6;23974;44469;3,4;2,5;4,3
252;Augsburg-Stadt;165,3;324,6;21,6;-0,2;4,1;15,5;9,0;16,5;33,6;14,9;10,6;44,6;55,4;514,8;38,7;482,5;20487;47808;6,4;5,1;7,5
253;Augsburg-Land;1.525,9;331,3;9,6;0,2;8,5;17,8;7,4;11,4;36,2;16,6;10,6;14,9;85,1;457,3;48,5;647,6;25308;29535;3,3;2,8;4,6
254;Donau-Ries;2.373,4;259,1;9,6;-0,8;5,1;17,3;7,9;12,1;35,7;16,8;10,2;11,5;88,5;446,2;48,6;675,0;24897;42080;2,8;2,6;3,6
255;Neu-Ulm;1.684,3;337,5;14,0;0,4;7,5;17,2;8,0;12,7;35,5;16,3;10,2;14,9;85,1;463,6;46,5;645,7;24545;41309;3,2;2,8;4,3
256;Oberallgäu;1.914,6;307,1;11,9;-1,0;5,5;16,2;7,6;12,3;34,5;17,2;12,2;8,9;91,1;523,9;46,2;626,7;24629;38673;3,8;3,1;5,0
257;Ostallgäu;2.328,1;339,8;11,8;-0,9;9,1;17,1;7,6;12,2;34,7;17,0;11,5;11,0;89,0;479,8;46,7;640,8;24550;40550;3,5;3,0;5,0
909;Bayern;70.541,6;13124,7;13,6;-0,5;4,5;16,5;7,8;13,3;35,3;16,4;10,7;12,3;87,7;494,3;46,6;616,9;25309;47302;4,2;3,5;5,3
258;Stuttgart I;113,8;310,8;22,1;2,3;-0,2;15,4;8,4;18,5;34,6;13,1;10,0;51,7;48,3;495,2;37,1;483,3;25788;90518;5,6;4,0;6,2
259;Stuttgart II;93,6;325,1;27,7;2,3;-0,2;15,4;8,4;18,5;34,6;13,1;10,0;51,7;48,3;495,2;37,1;483,3;25788;90518;5,6;4,0;6,2
260;Böblingen;563,2;370,0;18,7;1,5;1,8;18,0;7,3;13,1;35,4;15,3;10,9;23,7;76,3;467,3;43,6;654,2;25597;66535;4,1;3,0;5,2
261;Esslingen;208,7;251,6;19,2;0,2;2,1;16,9;8,0;13,3;35,4;14,9;11,4;30,3;69,7;484,0;41,6;623,2;25582;42726;4,4;3,8;5,0
262;Nürtingen;465,0;298,7;16,4;0,0;2,6;16,9;7,7;12,7;35,5;16,3;11,0;22,0;78,0;476,9;43,9;624,8;25583;43937;4,4;3,8;5,0
263;Göppingen;642,3;258,1;17,0;-1,5;5,1;17,0;7,6;12,1;34,8;16,8;11,6;16,9;83,1;473,8;43,8;643,9;24173;34635;4,9;4,4;5,8
264;Waiblingen;513,3;322,4;16,5;0,0;2,1;17,1;7,6;12,1;35,5;16,1;11,6;20,1;79,9;478,0;42,7;621,2;25631;35442;4,6;3,5;5,2
265;Ludwigsburg;361,4;330,4;19,1;1,5;0,0;17,7;7,4;13,6;35,6;15,0;10,8;27,8;72,2;476,7;41,6;612,0;26189;47422;3,7;3,1;4,8
266;Neckar-Zaber;642,4;331,6;15,7;0,5;4,6;17,5;7,4;12,4;36,0;16,1;10,5;20,8;79,2;463,5;45,1;643,2;25798;49811;3,8;3,1;4,7
267;Heilbronn;904,9;362,0;19,0;0,5;3,3;17,6;8,1;13,5;35,0;15,7;10,1;19,4;80,6;466,0;43,8;648,2;29132;55652;4,8;3,9;5,2
268;Schwäbisch Hall – Hohenlohe;2.260,8;309,4;11,7;-0,3;5,6;17,6;7,9;12,8;35,1;16,8;9,8;12,7;87,3;464,0;46,7;688,1;24003;45338;3,6;3,0;4,5
269;Backnang – Schwäbisch Gmünd;838,7;246,2;13,5;-1,8;4,4;17,2;8,1;12,0;34,8;17,0;11,0;15,2;84,8;471,6;45,2;640,8;25038;40920;4,2;3,0;5,1
270;Aalen – Heidenheim;1.644,6;305,5;12,7;-2,0;3,2;17,2;8,0;12,3;34,6;16,7;11,3;12,6;87,4;471,0;45,8;645,8;23924;41390;4,4;3,3;5,3
271;Karlsruhe-Stadt;173,4;312,1;18,8;-0,4;-1,0;14,3;11,0;17,5;33,1;14,0;10,1;46,8;53,2;506,7;40,7;454,4;22814;65518;5,2;3,9;6,1
272;Karlsruhe-Land;718,4;287,1;13,3;-1,8;5,2;16,5;7,2;11,5;35,7;17,5;11,6;17,4;82,6;469,5;48,5;629,2;24295;37869;3,8;3,7;4,6
273;Rastatt;878,6;286,6;15,5;-2,8;5,1;16,1;7,1;11,6;35,4;17,9;11,9;15,0;85,0;493,6;48,3;652,2;25333;46304;4,5;3,9;5,1
274;Heidelberg;305,5;324,7;16,6;1,1;3,1;15,6;10,3;15,6;33,1;14,8;10,6;27,1;72,9;499,6;42,9;510,4;24496;45623;5,0;3,3;6,0
275;Mannheim;145,0;310,7;23,9;-0,8;4,9;15,4;10,0;16,7;33,8;14,3;9,7;58,2;41,8;537,6;40,5;492,0;22054;67775;7,7;3,2;8,3
276;Odenwald – Tauber;2.430,1;276,0;10,0;-2,6;3,7;16,4;7,5;11,5;34,8;18,5;11,4;11,0;89,0;483,3;50,5;665,0;23078;35869;4,0;3,5;5,0
277;Rhein-Neckar;724,8;271,1;12,7;-1,4;1,7;17,2;7,3;11,7;35,8;17,4;10,7;17,7;82,3;476,5;49,4;643,3;25278;34291;4,7;3,9;5,4
278;Bruchsal – Schwetzingen;506,6;272,1;13,8;-1,6;3,7;16,7;7,2;12,4;36,1;17,0;10,6;23,4;76,6;472,4;47,7;635,1;24708;36368;4,2;3,8;4,9
279;Pforzheim;671,6;325,5;18,7;-0,2;4,1;17,5;8,0;12,5;34,5;16,3;11,2;18,7;81,3;474,4;44,5;597,3;24661;34706;5,2;4,6;5,4
280;Calw;1.667,7;277,4;14,1;-1,4;5,7;17,2;7,7;11,8;35,2;17,2;10,9;10,7;89,3;487,4;46,3;657,1;24611;33886;4,1;2,9;5,0
281;Freiburg;452,8;320,8;15,5;2,1;1,9;16,4;10,5;16,7;32,7;14,4;9,4;21,1;78,9;493,8;40,0;459,3;22899;45746;5,3;3,1;5,7
282;Lörrach – Müllheim;1.155,1;324,2;14,8;-0,7;3,6;17,6;7,2;11,9;35,2;16,9;11,1;13,7;86,3;478,5;45,8;598,9;26699;32707;4,7;3,3;5,3
283;Emmendingen – Lahr;1.204,2;298,2;11,6;-0,3;6,1;17,7;7,5;11,9;35,2;17,1;10,7;12,2;87,8;460,4;45,0;619,2;23747;36655;3,8;2,9;4,2
284;Offenburg;1.094,4;278,4;12,0;-1,4;5,1;16,9;7,6;12,2;34,7;17,5;11,1;13,5;86,5;469,2;46,7;634,0;23948;41282;4,0;3,3;4,5
285;Rottweil – Tuttlingen;1.503,8;280,6;14,6;-0,6;4,5;18,1;7,8;12,4;34,5;16,3;10,9;12,8;87,2;473,4;47,0;650,8;25665;47601;3,7;3,7;4,1
286;Schwarzwald-Baar;1.266,8;233,3;15,5;-1,3;1,7;16,9;7,6;12,4;33,6;17,3;12,1;10,5;89,5;497,9;45,4;621,8;24906;40292;4,6;4,1;4,8
287;Konstanz;818,0;286,3;15,4;-0,8;4,8;16,4;9,7;12,9;33,5;16,1;11,4;16,1;83,9;502,6;44,8;559,8;25486;35093;4,7;3,3;5,1
288;Waldshut;1.861,3;249,5;14,7;-1,0;2,8;17,7;7,5;11,6;34,4;17,5;11,4;9,2;90,8;496,9;48,0;620,6;25384;30901;4,2;3,3;5,0
289;Reutlingen;1.092,5;287,0;15,9;0,0;2,8;17,4;7,9;12,2;35,0;16,3;11,2;13,4;86,6;472,5;44,2;627,6;24763;40454;4,6;4,0;4,6
290;Tübingen;788,8;278,4;13,7;1,1;4,2;16,8;10,5;14,7;33,2;15,5;9,3;16,5;83,5;460,1;43,9;573,6;23995;34329;3,6;2,5;4,3
291;Ulm;1.477,2;323,9;16,2;0,8;4,1;17,5;8,8;14,1;34,3;15,3;10,0;13,9;86,1;470,7;44,8;600,8;24607;49780;3,7;3,6;4,3
292;Biberach;1.748,1;230,5;10,9;1,6;5,4;18,7;7,8;12,6;35,2;16,0;9,6;11,6;88,4;458,4;48,1;649,5;24084;51858;2,9;2,6;3,3
293;Bodensee;860,6;239,1;13,6;-1,1;6,9;16,8;7,5;11,9;34,5;17,4;11,9;14,0;86,0;500,3;46,7;637,9;26222;50142;3,6;2,9;4,2
294;Ravensburg;1.293,5;256,2;11,6;0,5;4,2;17,4;8,5;12,9;34,5;16,2;10,4;11,7;88,3;463,3;44,2;630,7;24132;45098;3,4;3,2;3,8
295;Zollernalb – Sigmaringen;1.656,3;248,8;12,3;-2,1;3,4;16,7;7,9;12,1;34,5;17,3;11,6;12,1;87,9;478,9;48,5;669,1;24495;36869;4,1;3,9;4,8
908;Baden-Württemberg;35.747,8;11100,4;15,9;-0,2;3,4;16,9;8,2;13,3;34,7;16,1;10,8;14,8;85,2;480,5;44,6;605,7;24892;46480;4,4;3,5;5,0
296;Saarbrücken;325,7;271,4;16,4;-4,0;2,0;15,0;8,3;13,9;32,8;18,4;11,7;31,8;68,2;549,7;47,9;582,9;19205;44904;10,3;8,1;9,2
297;Saarlouis;893,2;262,4;10,9;-5,8;2,1;15,0;6,7;11,3;34,8;20,0;12,2;19,2;80,8;507,8;55,7;689,1;20022;30444;5,7;3,7;5,9
298;St. Wendel;802,0;212,6;6,5;-6,5;2,7;14,2;6,4;10,9;34,9;20,6;12,9;18,5;81,5;511,9;56,5;676,2;20799;30272;6,3;5,3;6,1
299;Homburg;550,2;240,5;10,9;-6,5;2,0;14,8;7,0;11,4;33,9;19,9;13,1;24,1;75,9;531,0;52,7;663,8;21301;37042;7,0;6,3;7,2
910;Saarland;2.571,1;986,9;11,4;-5,6;2,2;14,8;7,2;12,0;34,0;19,7;12,4;21,6;78,4;525,9;53,0;650,9;20277;35985;7,4;5,9;7,1
999;Bundesrepublik Deutschland;357.581,0;83166,7;12,5;-1,9;3,9;16,4;7,5;12,7;34,8;17,1;11,5;14,4;85,6;511,2;45,5;573,7;22899;40339;6,3;5,6;6,7
